{"minJumpHeight":300.0,"targetJumpHeight":1600.0,"timeToJumpApex":0.699999988079071,"moveDistance":3000.0,"maxWallClimbSpeed":1000.0,"wallSlideFriction":0.03999999910593033,"wallClimbSpeed":200.0,"moveDistanceInAir":4000.0,"maxMoveDistanceInAir":2000.0,"wallFriction":0.0,"WallJumpFactorsX":0.6499999761581421,"WallJumpFactorsY":0.699999988079071,"moveDistanceInAirWallJump":4000.0,"maxMoveDistanceInAirWallJump":2000.0}