{"minJumpHeight":300.0,"targetJumpHeight":1600.0,"timeToJumpApex":0.4000000059604645,"moveDistance":3400.0,"maxWallClimbSpeed":1000.0,"wallSlideFriction":0.03999999910593033,"wallClimbSpeed":200.0,"moveDistanceInAir":4000.0,"maxMoveDistanceInAir":3400.0,"wallFriction":0.0,"WallJumpFactorsX":0.6499999761581421,"WallJumpFactorsY":0.8999999761581421,"moveDistanceInAirWallJump":4000.0,"maxMoveDistanceInAirWallJump":2000.0,"moveAccelerationTime":1.0,"moveBrakingTime":1.0}