{"minJumpHeight":150.0,"targetJumpHeight":1200.0,"timeToJumpApex":0.3499999940395355,"moveDistance":2500.0,"maxWallClimbSpeed":2500.0,"wallSlideFriction":0.03999999910593033,"wallClimbSpeed":2000.0,"moveDistanceInAir":20000.0,"maxMoveDistanceInAir":2500.0,"wallFriction":0.0,"WallJumpFactorsX":0.699999988079071,"WallJumpFactorsY":0.800000011920929,"moveDistanceInAirWallJump":2000.0,"maxMoveDistanceInAirWallJump":3500.0,"moveAccelerationTime":0.00009999999747378752,"moveBrakingTime":0.00009999999747378752}