{"minJumpHeight":150.0,"targetJumpHeight":1200.0,"timeToJumpApex":0.30000001192092898,"moveDistance":3000.0,"maxWallClimbSpeed":2500.0,"wallSlideFriction":0.03999999910593033,"wallClimbSpeed":2000.0,"moveDistanceInAir":20000.0,"maxMoveDistanceInAir":3000.0,"wallFriction":0.0,"WallJumpFactorsX":0.699999988079071,"WallJumpFactorsY":0.800000011920929,"moveDistanceInAirWallJump":2000.0,"maxMoveDistanceInAirWallJump":3500.0,"moveAccelerationTime":0.30000001192092898,"moveBrakingTime":0.15000000596046449}