{"minJumpHeight":15.0,"targetJumpHeight":120.0,"timeToJumpApex":0.30000001192092898,"moveDistance":300.0,"maxWallClimbSpeed":250.0,"wallSlideFriction":0.03999999910593033,"wallClimbSpeed":200.0,"moveDistanceInAir":2000.0,"maxMoveDistanceInAir":300.0,"wallFriction":0.0,"WallJumpFactorsX":0.699999988079071,"WallJumpFactorsY":0.800000011920929,"moveDistanceInAirWallJump":200.0,"maxMoveDistanceInAirWallJump":350.0,"moveAccelerationTime":0.30000001192092898,"moveBrakingTime":0.15000000596046449}